customer_id,product_id,order_date,quantity,total_amount,payment_method,year,month,day
13542,784,2024-12-17,2,746.72,Credit Card,2024,12,17
23188,682,2024-06-01,5,1496.6999999999998,Credit Card,2024,6,1
55098,684,2025-02-04,5,115.0,Credit Card,2025,2,4
65208,204,2024-10-28,2,460.22,Bank Transfer,2024,10,28
63872,202,2024-05-10,4,706.88,Credit Card,2024,5,10
29989,829,2024-12-03,4,784.64,Bank Transfer,2024,12,3
79809,706,2024-06-07,5,1363.75,Bank Transfer,2024,6,7
27282,405,2024-07-15,2,585.8,Cash on Delivery,2024,7,15
41394,549,2024-12-17,3,1287.33,Credit Card,2024,12,17
48695,545,2024-04-12,4,765.56,Credit Card,2024,4,12
27389,549,2025-01-31,2,642.28,Cash on Delivery,2025,1,31
74067,773,2024-06-27,3,1484.6100000000001,Cash on Delivery,2024,6,27
49331,526,2024-05-21,5,611.15,Credit Card,2024,5,21
61360,544,2024-12-03,3,1372.32,Cash on Delivery,2024,12,3
24426,943,2025-02-07,2,886.98,Cash on Delivery,2025,2,7
10486,297,2024-09-13,2,548.2,Cash on Delivery,2024,9,13
75474,107,2024-05-22,1,117.47,Credit Card,2024,5,22
79898,871,2024-03-19,5,424.45,Credit Card,2024,3,19
41736,457,2024-10-28,4,787.96,Bank Transfer,2024,10,28
69719,941,2024-12-24,2,688.08,Cash on Delivery,2024,12,24
93992,853,2024-12-05,1,153.82,Credit Card,2024,12,5
65011,938,2025-02-20,4,1533.44,Cash on Delivery,2025,2,20
80441,867,2024-07-26,2,616.8,Credit Card,2024,7,26
95874,424,2024-12-30,3,910.44,Bank Transfer,2024,12,30
11145,461,2024-04-09,1,38.38,Cash on Delivery,2024,4,9
81289,485,2024-07-18,1,489.21,Cash on Delivery,2024,7,18
36732,704,2025-01-12,3,272.73,Cash on Delivery,2025,1,12
33678,732,2024-04-01,1,380.08,Cash on Delivery,2024,4,1
71289,815,2025-01-11,1,450.81,Bank Transfer,2025,1,11
86746,768,2024-03-24,3,894.81,Credit Card,2024,3,24
23094,658,2025-01-17,2,86.06,Credit Card,2025,1,17
30037,314,2024-08-05,5,1689.0,Credit Card,2024,8,5
61642,264,2024-11-24,1,241.61,Bank Transfer,2024,11,24
52189,653,2024-09-01,1,183.61,Bank Transfer,2024,9,1
71248,289,2024-07-01,5,1036.4,Bank Transfer,2024,7,1
14872,353,2024-03-31,2,545.56,Credit Card,2024,3,31
46992,824,2024-05-13,2,454.26,Cash on Delivery,2024,5,13
21565,499,2024-08-13,4,1939.24,Credit Card,2024,8,13
26160,374,2025-03-04,2,904.4,Credit Card,2025,3,4
35007,355,2024-06-09,2,299.54,Cash on Delivery,2024,6,9
93989,573,2024-04-25,5,429.25,Bank Transfer,2024,4,25
37401,861,2024-08-16,1,376.51,Credit Card,2024,8,16
82700,410,2024-05-30,5,189.35,Cash on Delivery,2024,5,30
38245,615,2024-11-11,4,1363.4,Credit Card,2024,11,11
76140,673,2024-06-29,2,587.34,Credit Card,2024,6,29
63313,182,2024-08-09,5,1330.8000000000002,Bank Transfer,2024,8,9
10299,971,2024-11-27,4,815.76,Cash on Delivery,2024,11,27
32232,476,2024-09-23,1,234.56,Cash on Delivery,2024,9,23
48690,161,2024-04-11,3,419.84999999999997,Bank Transfer,2024,4,11
94108,837,2025-01-20,2,174.6,Cash on Delivery,2025,1,20
54503,416,2024-04-03,2,674.5,Cash on Delivery,2024,4,3
69170,660,2024-05-30,4,266.24,Credit Card,2024,5,30
68220,961,2024-09-15,2,226.42,Bank Transfer,2024,9,15
53004,309,2024-09-19,5,1246.9,Credit Card,2024,9,19
57158,294,2024-07-25,4,46.96,Credit Card,2024,7,25
15676,649,2024-04-22,3,1067.34,Cash on Delivery,2024,4,22
34358,945,2025-01-16,1,27.65,Bank Transfer,2025,1,16
83983,395,2024-08-01,5,805.25,Credit Card,2024,8,1
56955,922,2024-07-14,1,183.3,Cash on Delivery,2024,7,14
73293,799,2024-04-30,1,463.62,Credit Card,2024,4,30
68416,311,2024-12-15,5,110.75,Cash on Delivery,2024,12,15
51031,216,2024-05-25,4,562.92,Cash on Delivery,2024,5,25
49701,684,2024-04-21,1,107.79,Bank Transfer,2024,4,21
32080,354,2024-05-13,4,86.4,Credit Card,2024,5,13
13112,202,2024-12-15,2,364.12,Cash on Delivery,2024,12,15
27303,119,2024-05-25,1,470.23,Credit Card,2024,5,25
89064,533,2024-11-10,3,86.25,Cash on Delivery,2024,11,10
76490,362,2024-12-17,5,1535.2,Cash on Delivery,2024,12,17
45081,721,2025-02-05,4,127.0,Bank Transfer,2025,2,5
65624,732,2024-03-26,2,376.94,Credit Card,2024,3,26
94700,675,2024-06-15,3,1005.1800000000001,Credit Card,2024,6,15
73009,569,2024-03-27,4,679.32,Cash on Delivery,2024,3,27
55865,915,2024-03-26,1,341.89,Credit Card,2024,3,26
75453,260,2024-06-22,3,476.70000000000005,Credit Card,2024,6,22
47548,381,2025-01-31,2,452.96,Cash on Delivery,2025,1,31
85352,755,2024-07-04,5,745.3,Cash on Delivery,2024,7,4
99624,624,2024-06-29,4,480.28,Credit Card,2024,6,29
53811,551,2024-09-21,5,2131.85,Credit Card,2024,9,21
59944,293,2025-02-06,2,723.98,Bank Transfer,2025,2,6
20770,941,2024-11-01,2,782.86,Credit Card,2024,11,1
95322,621,2025-03-14,2,69.22,Credit Card,2025,3,14
44293,212,2024-10-26,4,1348.44,Cash on Delivery,2024,10,26
11849,141,2024-08-14,5,2046.75,Cash on Delivery,2024,8,14
79537,858,2024-10-18,5,1871.9499999999998,Bank Transfer,2024,10,18
22604,351,2025-02-08,1,247.45,Credit Card,2025,2,8
36231,606,2024-05-18,5,715.6999999999999,Bank Transfer,2024,5,18
64684,166,2024-11-16,1,197.69,Credit Card,2024,11,16
64326,348,2024-08-15,5,1379.4,Bank Transfer,2024,8,15
82168,653,2025-01-23,2,947.14,Credit Card,2025,1,23
63919,209,2024-04-23,3,38.67,Bank Transfer,2024,4,23
54901,491,2024-06-04,3,1128.84,Cash on Delivery,2024,6,4
97350,770,2025-03-06,4,574.96,Bank Transfer,2025,3,6
45435,349,2024-07-06,3,1265.5500000000002,Credit Card,2024,7,6
92572,634,2024-06-29,4,1146.2,Credit Card,2024,6,29
10539,142,2025-03-17,1,34.64,Bank Transfer,2025,3,17
94316,979,2024-06-14,1,146.35,Bank Transfer,2024,6,14
64578,650,2024-07-01,1,35.52,Bank Transfer,2024,7,1
77823,994,2024-09-27,5,2376.55,Credit Card,2024,9,27
67215,912,2024-12-02,1,242.04,Credit Card,2024,12,2
50937,101,2024-11-05,1,92.22,Cash on Delivery,2024,11,5
66782,865,2024-07-04,2,125.94,Credit Card,2024,7,4
72081,563,2024-07-25,3,1413.96,Credit Card,2024,7,25
58706,613,2025-02-07,4,1406.48,Bank Transfer,2025,2,7
61717,705,2024-08-31,2,786.98,Bank Transfer,2024,8,31
48366,292,2024-10-12,3,981.9000000000001,Credit Card,2024,10,12
26652,952,2024-09-24,2,961.58,Cash on Delivery,2024,9,24
49861,832,2024-11-24,2,192.62,Cash on Delivery,2024,11,24
70446,918,2024-05-02,5,1188.95,Cash on Delivery,2024,5,2
66861,360,2025-02-23,3,440.01,Bank Transfer,2025,2,23
33496,863,2024-09-24,5,874.1500000000001,Bank Transfer,2024,9,24
65546,575,2024-04-01,4,1603.76,Bank Transfer,2024,4,1
58032,133,2024-04-04,4,59.88,Credit Card,2024,4,4
52835,159,2024-04-11,2,763.0,Cash on Delivery,2024,4,11
54614,704,2024-12-10,1,55.6,Credit Card,2024,12,10
47601,793,2024-07-31,2,483.8,Cash on Delivery,2024,7,31
39945,273,2024-06-06,5,911.9499999999999,Bank Transfer,2024,6,6
44020,798,2024-12-23,5,823.1,Cash on Delivery,2024,12,23
89883,182,2024-05-25,5,580.15,Bank Transfer,2024,5,25
51106,222,2025-03-03,2,297.34,Credit Card,2025,3,3
39236,793,2024-06-05,1,158.11,Cash on Delivery,2024,6,5
39267,399,2024-10-02,3,459.45000000000005,Credit Card,2024,10,2
20814,914,2024-12-18,4,1165.16,Bank Transfer,2024,12,18
62697,774,2024-09-19,2,942.24,Bank Transfer,2024,9,19
45453,363,2024-08-15,3,878.22,Cash on Delivery,2024,8,15
41166,783,2024-04-17,5,258.7,Credit Card,2024,4,17
12817,466,2024-06-06,4,1589.84,Credit Card,2024,6,6
86435,988,2024-07-30,4,1725.92,Bank Transfer,2024,7,30
16539,334,2024-04-10,3,1422.96,Credit Card,2024,4,10
32285,978,2024-08-23,1,127.53,Cash on Delivery,2024,8,23
73165,237,2024-12-29,2,480.52,Credit Card,2024,12,29
28298,555,2024-06-07,3,1040.46,Bank Transfer,2024,6,7
77934,695,2025-01-16,1,66.24,Credit Card,2025,1,16
42115,135,2024-11-09,4,156.88,Bank Transfer,2024,11,9
10254,318,2024-09-10,1,70.93,Cash on Delivery,2024,9,10
39027,757,2024-12-26,1,274.59,Bank Transfer,2024,12,26
30197,386,2024-07-09,1,305.82,Credit Card,2024,7,9
83687,115,2024-08-26,5,2379.45,Cash on Delivery,2024,8,26
88015,285,2024-05-20,4,1057.16,Bank Transfer,2024,5,20
84063,744,2025-01-20,5,1605.2,Bank Transfer,2025,1,20
50447,910,2024-10-21,3,501.96,Credit Card,2024,10,21
29786,749,2024-09-10,3,1004.01,Bank Transfer,2024,9,10
79948,858,2024-08-14,2,328.22,Bank Transfer,2024,8,14
68238,261,2025-03-17,3,996.75,Cash on Delivery,2025,3,17
66682,632,2025-02-04,1,315.09,Bank Transfer,2025,2,4
47971,363,2024-04-06,5,1395.6,Bank Transfer,2024,4,6
54869,369,2024-03-29,4,1947.36,Cash on Delivery,2024,3,29
28063,398,2024-05-03,5,83.5,Bank Transfer,2024,5,3
99909,233,2024-08-11,1,474.06,Cash on Delivery,2024,8,11
77523,543,2025-01-28,5,1778.25,Bank Transfer,2025,1,28
60807,798,2025-01-07,1,280.12,Bank Transfer,2025,1,7
77884,620,2024-12-05,3,436.08000000000004,Bank Transfer,2024,12,5
76854,845,2024-09-14,2,297.18,Bank Transfer,2024,9,14
35603,177,2024-08-15,4,915.24,Bank Transfer,2024,8,15
14361,178,2024-12-12,4,932.48,Bank Transfer,2024,12,12
99182,395,2024-12-19,3,592.98,Bank Transfer,2024,12,19
57585,394,2025-01-07,4,1977.28,Cash on Delivery,2025,1,7
75434,775,2024-12-03,3,768.36,Cash on Delivery,2024,12,3
49651,937,2024-04-08,4,1070.88,Bank Transfer,2024,4,8
80835,114,2024-12-26,3,720.1500000000001,Bank Transfer,2024,12,26
46326,625,2024-12-15,4,1710.6,Cash on Delivery,2024,12,15
11108,575,2024-06-26,2,55.18,Credit Card,2024,6,26
82916,180,2024-08-24,1,375.92,Bank Transfer,2024,8,24
37787,971,2024-08-02,3,274.56,Bank Transfer,2024,8,2
43043,203,2025-02-27,5,928.25,Bank Transfer,2025,2,27
74956,204,2024-12-14,5,466.45000000000005,Credit Card,2024,12,14
62833,955,2024-04-05,1,457.29,Credit Card,2024,4,5
93806,606,2024-05-17,4,1347.0,Bank Transfer,2024,5,17
12572,656,2025-01-22,4,905.8,Bank Transfer,2025,1,22
87787,836,2024-05-13,2,467.7,Bank Transfer,2024,5,13
77178,167,2024-09-17,5,631.15,Cash on Delivery,2024,9,17
70476,883,2024-10-13,1,489.19,Cash on Delivery,2024,10,13
66492,112,2025-02-21,4,1500.52,Bank Transfer,2025,2,21
62824,629,2024-12-25,5,1609.7,Cash on Delivery,2024,12,25
85614,189,2025-03-13,5,2263.35,Cash on Delivery,2025,3,13
89312,276,2024-08-30,3,566.34,Credit Card,2024,8,30
59644,139,2024-10-28,5,541.95,Cash on Delivery,2024,10,28
77706,111,2024-06-17,2,833.86,Bank Transfer,2024,6,17
69355,683,2024-12-04,1,404.07,Bank Transfer,2024,12,4
30464,563,2024-07-01,2,967.92,Cash on Delivery,2024,7,1
77850,633,2024-06-19,4,1091.68,Bank Transfer,2024,6,19
96195,975,2024-09-25,4,786.8,Cash on Delivery,2024,9,25
17277,157,2024-10-21,4,89.04,Cash on Delivery,2024,10,21
48665,620,2024-05-14,2,911.2,Bank Transfer,2024,5,14
55003,910,2024-11-13,4,636.56,Bank Transfer,2024,11,13
98322,157,2024-04-08,1,200.44,Bank Transfer,2024,4,8
46001,661,2024-10-14,1,297.8,Cash on Delivery,2024,10,14
56829,839,2024-08-04,1,311.67,Bank Transfer,2024,8,4
15545,128,2024-12-08,2,951.54,Bank Transfer,2024,12,8
21109,719,2024-07-17,3,119.01,Bank Transfer,2024,7,17
59875,210,2024-08-02,4,1339.04,Cash on Delivery,2024,8,2
71005,203,2024-09-26,3,388.04999999999995,Credit Card,2024,9,26
77455,845,2024-06-29,3,891.99,Credit Card,2024,6,29
16285,579,2024-10-30,4,583.44,Credit Card,2024,10,30
20485,602,2024-06-07,4,1335.68,Credit Card,2024,6,7
56705,299,2024-08-12,2,337.3,Credit Card,2024,8,12
25974,123,2025-02-12,1,65.69,Credit Card,2025,2,12
99133,928,2025-01-05,1,63.44,Cash on Delivery,2025,1,5
60024,643,2024-08-21,5,1172.2,Credit Card,2024,8,21
53269,314,2024-08-09,5,1730.95,Bank Transfer,2024,8,9
23687,371,2025-03-03,2,616.14,Credit Card,2025,3,3
16821,175,2024-05-18,4,1435.8,Bank Transfer,2024,5,18
25702,423,2025-03-12,4,1226.64,Credit Card,2025,3,12
24054,953,2024-11-05,3,662.1899999999999,Credit Card,2024,11,5
85558,619,2024-04-27,3,1102.53,Bank Transfer,2024,4,27
98627,886,2025-01-24,4,1386.16,Bank Transfer,2025,1,24
32058,843,2024-05-27,3,171.96,Cash on Delivery,2024,5,27
28608,436,2024-04-08,1,478.75,Cash on Delivery,2024,4,8
58103,389,2025-01-29,3,1306.1100000000001,Cash on Delivery,2025,1,29
25747,874,2025-03-18,4,243.04,Cash on Delivery,2025,3,18
75314,417,2024-05-31,1,181.56,Cash on Delivery,2024,5,31
33743,405,2024-12-24,3,1216.6200000000001,Cash on Delivery,2024,12,24
21731,206,2024-08-19,5,114.3,Cash on Delivery,2024,8,19
66977,568,2025-03-18,1,354.32,Bank Transfer,2025,3,18
25952,448,2024-12-30,5,1437.5,Bank Transfer,2024,12,30
80882,511,2025-02-27,3,1126.77,Credit Card,2025,2,27
27123,144,2024-12-27,3,488.09999999999997,Bank Transfer,2024,12,27
60144,287,2025-01-23,4,344.92,Cash on Delivery,2025,1,23
85940,722,2024-07-15,1,247.97,Bank Transfer,2024,7,15
53860,490,2024-05-14,2,358.26,Credit Card,2024,5,14
32569,336,2025-02-06,2,673.78,Credit Card,2025,2,6
72236,959,2024-07-05,5,550.85,Credit Card,2024,7,5
79004,190,2024-05-14,4,275.16,Bank Transfer,2024,5,14
39329,218,2024-08-28,2,709.6,Cash on Delivery,2024,8,28
53191,852,2024-11-21,4,818.24,Cash on Delivery,2024,11,21
44035,974,2024-08-10,4,1168.48,Cash on Delivery,2024,8,10
16865,991,2025-01-06,3,625.41,Bank Transfer,2025,1,6
68850,484,2025-02-07,1,53.18,Credit Card,2025,2,7
64425,780,2024-12-19,5,1019.6500000000001,Bank Transfer,2024,12,19
52324,932,2024-09-20,2,520.28,Credit Card,2024,9,20
11008,981,2024-07-23,2,732.84,Cash on Delivery,2024,7,23
47725,320,2024-09-12,3,319.98,Cash on Delivery,2024,9,12
18819,775,2024-06-16,4,1904.52,Cash on Delivery,2024,6,16
95354,394,2024-07-13,2,687.52,Cash on Delivery,2024,7,13
48878,814,2024-09-07,2,167.94,Credit Card,2024,9,7
44704,911,2025-02-25,4,150.08,Cash on Delivery,2025,2,25
88424,535,2024-06-06,2,381.36,Bank Transfer,2024,6,6
73269,748,2025-01-03,2,602.2,Bank Transfer,2025,1,3
38565,884,2024-10-28,5,2277.15,Cash on Delivery,2024,10,28
33851,713,2024-11-13,5,419.6,Credit Card,2024,11,13
76010,248,2024-09-24,1,257.23,Credit Card,2024,9,24
75278,538,2025-03-03,3,798.4499999999999,Credit Card,2025,3,3
51458,400,2025-01-27,1,389.49,Cash on Delivery,2025,1,27
21004,843,2024-04-17,5,857.75,Cash on Delivery,2024,4,17
50813,481,2025-01-29,4,693.4,Cash on Delivery,2025,1,29
51301,398,2025-01-07,5,365.95,Cash on Delivery,2025,1,7
23601,468,2024-08-12,3,1225.3799999999999,Cash on Delivery,2024,8,12
12469,816,2024-06-24,3,979.6500000000001,Bank Transfer,2024,6,24
77150,371,2024-10-10,4,1904.28,Bank Transfer,2024,10,10
11829,651,2024-05-10,5,429.6,Bank Transfer,2024,5,10
44470,188,2024-03-20,5,142.5,Bank Transfer,2024,3,20
94532,335,2024-11-06,4,342.32,Credit Card,2024,11,6
55184,151,2024-06-09,5,157.05,Bank Transfer,2024,6,9
51963,471,2024-08-04,3,448.83000000000004,Cash on Delivery,2024,8,4
56464,361,2024-09-23,1,483.14,Bank Transfer,2024,9,23
58911,489,2024-07-03,1,236.22,Bank Transfer,2024,7,3
92232,961,2024-03-28,4,1641.12,Cash on Delivery,2024,3,28
67837,671,2025-02-02,1,281.72,Credit Card,2025,2,2
23747,558,2024-08-15,1,51.1,Credit Card,2024,8,15
22228,789,2025-02-08,1,54.94,Credit Card,2025,2,8
89639,124,2024-07-17,4,144.4,Cash on Delivery,2024,7,17
10848,281,2024-05-26,5,600.1,Bank Transfer,2024,5,26
39860,967,2025-03-11,1,77.42,Bank Transfer,2025,3,11
38512,976,2025-03-09,5,1149.05,Credit Card,2025,3,9
73069,171,2024-08-01,2,557.82,Cash on Delivery,2024,8,1
25229,644,2024-10-09,2,315.12,Credit Card,2024,10,9
32206,400,2024-10-13,4,163.12,Bank Transfer,2024,10,13
47231,802,2024-11-12,2,257.1,Credit Card,2024,11,12
97281,450,2024-12-07,4,1158.52,Credit Card,2024,12,7
30321,665,2024-12-11,3,1431.51,Cash on Delivery,2024,12,11
43115,144,2024-12-28,3,603.96,Bank Transfer,2024,12,28
12858,957,2024-06-16,3,1128.57,Bank Transfer,2024,6,16
56081,502,2025-03-09,5,1851.2,Bank Transfer,2025,3,9
54630,967,2025-02-05,4,1667.56,Cash on Delivery,2025,2,5
99272,847,2024-04-26,3,122.76,Bank Transfer,2024,4,26
99923,145,2024-12-28,3,493.91999999999996,Bank Transfer,2024,12,28
29197,491,2024-06-26,5,670.6,Cash on Delivery,2024,6,26
91976,321,2025-01-19,2,287.76,Bank Transfer,2025,1,19
69112,234,2024-06-12,2,352.26,Credit Card,2024,6,12
41492,631,2024-07-02,2,805.12,Cash on Delivery,2024,7,2
72727,773,2024-12-26,3,461.84999999999997,Credit Card,2024,12,26
35088,157,2024-08-14,5,1526.3999999999999,Bank Transfer,2024,8,14
67667,854,2024-11-14,3,1098.42,Bank Transfer,2024,11,14
42238,756,2024-07-24,4,1355.52,Bank Transfer,2024,7,24
25852,544,2025-02-04,3,239.88,Cash on Delivery,2025,2,4
79864,825,2024-04-07,5,628.2,Cash on Delivery,2024,4,7
17044,502,2024-03-28,1,306.5,Cash on Delivery,2024,3,28
96947,148,2025-01-27,5,1456.1000000000001,Cash on Delivery,2025,1,27
63024,990,2024-12-24,3,1441.9499999999998,Credit Card,2024,12,24
38096,826,2024-05-30,1,67.7,Bank Transfer,2024,5,30
50848,721,2024-08-27,4,1400.2,Bank Transfer,2024,8,27
37762,442,2025-03-07,1,94.6,Cash on Delivery,2025,3,7
70317,151,2024-08-20,1,357.67,Cash on Delivery,2024,8,20
88802,452,2024-11-12,2,797.82,Cash on Delivery,2024,11,12
86646,279,2024-09-20,2,794.56,Credit Card,2024,9,20
84845,614,2024-05-15,4,294.36,Credit Card,2024,5,15
29895,150,2024-04-17,3,633.87,Bank Transfer,2024,4,17
48604,899,2024-03-30,5,1152.45,Cash on Delivery,2024,3,30
54625,539,2025-01-21,3,297.48,Credit Card,2025,1,21
10403,643,2024-05-03,5,1319.35,Bank Transfer,2024,5,3
46059,266,2025-01-27,4,1897.08,Cash on Delivery,2025,1,27
82793,261,2025-01-01,4,1284.72,Cash on Delivery,2025,1,1
90952,360,2024-09-05,2,111.56,Cash on Delivery,2024,9,5
91742,632,2024-08-11,1,332.78,Cash on Delivery,2024,8,11
44592,909,2024-08-17,2,828.74,Credit Card,2024,8,17
53649,742,2024-12-22,1,329.05,Cash on Delivery,2024,12,22
45831,685,2025-02-07,1,151.94,Bank Transfer,2025,2,7
80435,681,2024-07-05,1,232.24,Cash on Delivery,2024,7,5
14447,761,2024-03-20,2,219.94,Cash on Delivery,2024,3,20
32331,241,2025-01-23,2,975.86,Credit Card,2025,1,23
72286,702,2025-02-07,5,642.25,Credit Card,2025,2,7
78768,880,2024-08-03,1,152.2,Bank Transfer,2024,8,3
26392,282,2025-01-28,1,467.54,Cash on Delivery,2025,1,28
16669,360,2024-05-25,3,716.22,Bank Transfer,2024,5,25
29275,180,2024-11-23,4,936.16,Credit Card,2024,11,23
69068,220,2024-09-07,5,1262.5,Cash on Delivery,2024,9,7
37813,792,2024-08-02,5,1105.75,Bank Transfer,2024,8,2
48519,954,2024-09-22,4,825.12,Cash on Delivery,2024,9,22
29305,596,2024-07-24,3,597.9300000000001,Bank Transfer,2024,7,24
81394,110,2024-12-17,3,204.66,Credit Card,2024,12,17
26545,985,2024-05-08,2,940.16,Credit Card,2024,5,8
98794,993,2024-07-09,2,64.4,Credit Card,2024,7,9
87690,775,2024-04-08,5,414.90000000000003,Cash on Delivery,2024,4,8
52213,648,2025-02-21,1,202.55,Cash on Delivery,2025,2,21
49232,172,2024-07-03,1,415.86,Cash on Delivery,2024,7,3
79470,247,2025-03-12,2,381.0,Cash on Delivery,2025,3,12
20522,380,2024-11-07,2,604.98,Bank Transfer,2024,11,7
56073,440,2024-05-02,4,486.0,Credit Card,2024,5,2
41063,890,2024-07-21,5,412.04999999999995,Cash on Delivery,2024,7,21
62699,722,2024-04-11,4,77.12,Bank Transfer,2024,4,11
25889,507,2024-09-24,4,1023.56,Cash on Delivery,2024,9,24
71237,588,2024-09-05,4,1056.6,Cash on Delivery,2024,9,5
34740,111,2024-07-04,3,491.22,Credit Card,2024,7,4
37821,855,2024-07-12,2,682.36,Cash on Delivery,2024,7,12
43279,403,2024-03-30,4,989.0,Credit Card,2024,3,30
54459,676,2024-05-22,5,1777.0,Cash on Delivery,2024,5,22
71713,819,2024-10-03,3,1402.53,Cash on Delivery,2024,10,3
55426,139,2024-12-08,5,2244.6,Bank Transfer,2024,12,8
79928,246,2024-12-16,3,91.83,Cash on Delivery,2024,12,16
52566,799,2025-01-24,4,459.4,Cash on Delivery,2025,1,24
49956,675,2025-01-17,5,317.6,Cash on Delivery,2025,1,17
79476,880,2024-09-20,4,1290.36,Credit Card,2024,9,20
52052,247,2024-10-27,3,1031.34,Credit Card,2024,10,27
45326,714,2024-08-15,2,659.84,Bank Transfer,2024,8,15
38806,665,2024-07-14,3,449.54999999999995,Credit Card,2024,7,14
46244,263,2024-07-23,5,1361.1000000000001,Cash on Delivery,2024,7,23
39858,339,2024-08-29,5,2211.5,Credit Card,2024,8,29
51679,861,2024-03-29,4,405.16,Cash on Delivery,2024,3,29
10201,455,2024-10-14,4,624.84,Cash on Delivery,2024,10,14
98074,463,2024-08-03,4,1978.64,Cash on Delivery,2024,8,3
82077,889,2024-09-14,1,239.33,Credit Card,2024,9,14
20351,627,2024-05-30,5,1810.5500000000002,Credit Card,2024,5,30
24734,674,2025-03-05,2,191.98,Cash on Delivery,2025,3,5
87219,234,2024-05-06,1,52.5,Cash on Delivery,2024,5,6
20393,133,2025-02-28,5,2342.75,Credit Card,2025,2,28
84575,922,2024-11-02,4,631.8,Cash on Delivery,2024,11,2
38523,383,2024-06-20,3,121.32,Credit Card,2024,6,20
90933,799,2024-06-21,3,1044.72,Cash on Delivery,2024,6,21
53977,125,2024-12-17,1,117.37,Credit Card,2024,12,17
50771,472,2024-05-16,4,855.04,Cash on Delivery,2024,5,16
21473,369,2024-10-19,2,686.74,Cash on Delivery,2024,10,19
93130,233,2024-07-11,2,709.7,Credit Card,2024,7,11
85009,260,2025-01-23,4,436.24,Cash on Delivery,2025,1,23
53070,503,2024-11-19,5,334.79999999999995,Credit Card,2024,11,19
36125,521,2024-06-06,5,2031.3,Bank Transfer,2024,6,6
76563,108,2024-10-31,2,567.62,Cash on Delivery,2024,10,31
35219,739,2025-01-03,4,1640.24,Cash on Delivery,2025,1,3
39825,301,2024-03-28,5,1765.95,Cash on Delivery,2024,3,28
32037,897,2024-11-07,5,127.75,Bank Transfer,2024,11,7
13595,311,2024-08-02,1,496.5,Bank Transfer,2024,8,2
58789,318,2024-07-01,4,197.28,Cash on Delivery,2024,7,1
80473,317,2024-10-21,2,194.9,Cash on Delivery,2024,10,21
15625,852,2024-12-31,4,1522.12,Bank Transfer,2024,12,31
71490,364,2024-04-23,1,195.85,Credit Card,2024,4,23
66073,983,2025-01-30,2,938.66,Cash on Delivery,2025,1,30
49765,389,2024-04-21,3,1156.1100000000001,Credit Card,2024,4,21
83207,530,2024-05-27,5,1143.8,Cash on Delivery,2024,5,27
55540,424,2024-10-06,4,900.36,Cash on Delivery,2024,10,6
15824,119,2024-12-25,2,513.82,Bank Transfer,2024,12,25
96162,887,2024-09-12,5,1464.8,Cash on Delivery,2024,9,12
19293,633,2024-06-20,1,118.31,Bank Transfer,2024,6,20
37972,603,2024-10-07,4,1266.96,Bank Transfer,2024,10,7
11911,572,2025-02-21,3,1185.1200000000001,Bank Transfer,2025,2,21
66566,794,2024-07-28,5,500.5,Cash on Delivery,2024,7,28
63722,614,2024-06-24,1,404.83,Credit Card,2024,6,24
28186,889,2024-05-17,1,75.71,Credit Card,2024,5,17
14303,332,2024-08-14,5,2125.5,Credit Card,2024,8,14
49509,508,2024-08-18,1,194.81,Cash on Delivery,2024,8,18
24078,344,2024-11-29,5,1824.5500000000002,Cash on Delivery,2024,11,29
59338,937,2025-01-03,4,1915.76,Credit Card,2025,1,3
57240,426,2024-12-12,4,1832.32,Cash on Delivery,2024,12,12
52736,175,2024-04-15,2,335.18,Bank Transfer,2024,4,15
58283,787,2025-01-25,3,414.51,Cash on Delivery,2025,1,25
84978,292,2024-09-05,1,458.02,Bank Transfer,2024,9,5
45699,200,2025-02-03,3,53.849999999999994,Cash on Delivery,2025,2,3
20938,478,2024-10-22,1,84.68,Bank Transfer,2024,10,22
31412,898,2024-06-17,2,559.62,Cash on Delivery,2024,6,17
23743,388,2024-04-14,4,943.24,Cash on Delivery,2024,4,14
63051,525,2024-08-15,1,100.18,Cash on Delivery,2024,8,15
95641,887,2024-05-25,3,1263.42,Credit Card,2024,5,25
93539,907,2025-02-25,2,154.74,Cash on Delivery,2025,2,25
20636,707,2024-03-22,2,515.62,Bank Transfer,2024,3,22
68604,117,2024-04-07,2,666.1,Credit Card,2024,4,7
99015,420,2024-10-26,5,1347.0500000000002,Bank Transfer,2024,10,26
46587,715,2024-06-26,3,1215.06,Credit Card,2024,6,26
17305,914,2024-12-26,5,520.25,Cash on Delivery,2024,12,26
23570,721,2024-05-21,5,964.0,Bank Transfer,2024,5,21
92246,988,2025-02-11,3,1035.54,Credit Card,2025,2,11
75246,643,2024-08-27,5,1042.95,Bank Transfer,2024,8,27
61329,311,2024-12-07,2,101.04,Bank Transfer,2024,12,7
93329,775,2024-10-01,4,1841.52,Credit Card,2024,10,1
26186,822,2024-05-27,3,428.52,Credit Card,2024,5,27
18555,287,2025-03-06,2,664.94,Credit Card,2025,3,6
57457,284,2024-05-11,1,80.65,Cash on Delivery,2024,5,11
10825,693,2024-09-09,1,286.34,Cash on Delivery,2024,9,9
84991,434,2024-11-20,1,198.08,Cash on Delivery,2024,11,20
17263,542,2024-06-10,5,1876.35,Bank Transfer,2024,6,10
43226,221,2024-09-09,1,306.53,Cash on Delivery,2024,9,9
84629,246,2024-12-24,4,1282.88,Bank Transfer,2024,12,24
55698,776,2025-03-16,4,404.04,Cash on Delivery,2025,3,16
66122,280,2024-11-06,1,401.05,Cash on Delivery,2024,11,6
24487,468,2024-07-01,1,372.43,Bank Transfer,2024,7,1
60664,809,2024-08-12,3,559.08,Bank Transfer,2024,8,12
46781,543,2024-07-03,1,282.92,Cash on Delivery,2024,7,3
47485,868,2025-01-16,1,55.6,Cash on Delivery,2025,1,16
80222,543,2024-06-25,2,425.54,Credit Card,2024,6,25
69990,839,2024-04-22,2,530.68,Cash on Delivery,2024,4,22
89114,397,2024-07-14,3,754.89,Credit Card,2024,7,14
61935,484,2024-04-14,3,1180.53,Bank Transfer,2024,4,14
96674,674,2024-04-30,3,936.51,Bank Transfer,2024,4,30
37431,736,2024-04-28,5,2111.95,Bank Transfer,2024,4,28
13425,852,2024-09-14,4,1638.32,Cash on Delivery,2024,9,14
38547,486,2024-12-10,3,1422.51,Credit Card,2024,12,10
42068,529,2024-05-12,5,764.05,Cash on Delivery,2024,5,12
23008,248,2024-11-01,5,971.35,Bank Transfer,2024,11,1
23420,508,2024-08-19,4,1994.64,Credit Card,2024,8,19
35117,391,2025-02-24,5,1124.2,Bank Transfer,2025,2,24
79582,388,2025-01-17,1,78.2,Bank Transfer,2025,1,17
61272,192,2024-05-01,3,138.72,Cash on Delivery,2024,5,1
67596,348,2025-02-15,2,552.78,Bank Transfer,2025,2,15
60808,424,2025-01-08,3,190.77,Credit Card,2025,1,8
87513,782,2024-05-04,2,571.96,Cash on Delivery,2024,5,4
30444,651,2024-12-24,4,247.64,Credit Card,2024,12,24
62506,560,2024-05-09,1,294.45,Cash on Delivery,2024,5,9
45719,329,2024-08-25,3,1044.93,Credit Card,2024,8,25
89715,941,2024-07-06,1,213.83,Credit Card,2024,7,6
58368,522,2024-12-08,3,488.49,Bank Transfer,2024,12,8
41135,862,2024-08-17,4,231.36,Cash on Delivery,2024,8,17
78277,157,2025-01-17,4,1627.96,Credit Card,2025,1,17
61065,988,2024-04-20,1,465.66,Cash on Delivery,2024,4,20
96568,842,2024-03-21,1,284.33,Bank Transfer,2024,3,21
14284,865,2024-06-05,1,323.83,Bank Transfer,2024,6,5
90910,280,2024-04-17,3,900.54,Bank Transfer,2024,4,17
42128,563,2024-11-13,2,585.8,Cash on Delivery,2024,11,13
58130,171,2024-05-17,1,138.55,Bank Transfer,2024,5,17
40110,325,2024-07-03,5,1547.7,Cash on Delivery,2024,7,3
89076,967,2024-10-12,3,283.62,Cash on Delivery,2024,10,12
75860,370,2024-07-02,3,154.59,Credit Card,2024,7,2
22360,766,2024-04-19,3,578.76,Credit Card,2024,4,19
37265,162,2024-05-01,3,594.0600000000001,Credit Card,2024,5,1
23672,158,2024-10-30,2,183.52,Bank Transfer,2024,10,30
22599,888,2025-01-28,4,145.08,Bank Transfer,2025,1,28
39126,225,2024-08-09,3,1446.84,Cash on Delivery,2024,8,9
14108,820,2024-09-22,1,357.97,Bank Transfer,2024,9,22
12544,958,2024-07-02,3,459.36,Bank Transfer,2024,7,2
49580,828,2024-12-25,1,373.83,Bank Transfer,2024,12,25
96065,297,2024-07-01,2,779.62,Bank Transfer,2024,7,1
97353,626,2025-02-20,2,234.18,Bank Transfer,2025,2,20
90540,259,2024-12-19,4,1754.64,Credit Card,2024,12,19
33770,716,2025-03-10,1,433.99,Credit Card,2025,3,10
82817,486,2025-03-13,4,1727.64,Cash on Delivery,2025,3,13
27140,260,2024-08-17,1,408.63,Credit Card,2024,8,17
53754,190,2024-07-11,1,92.5,Cash on Delivery,2024,7,11
81512,976,2024-12-23,3,229.32,Bank Transfer,2024,12,23
62597,828,2024-08-17,1,132.34,Cash on Delivery,2024,8,17
40338,310,2024-12-31,5,398.29999999999995,Cash on Delivery,2024,12,31
81439,792,2024-11-17,2,640.96,Credit Card,2024,11,17
59486,327,2024-11-29,5,2378.1,Bank Transfer,2024,11,29
50145,554,2024-10-26,3,963.21,Cash on Delivery,2024,10,26
26849,667,2024-11-24,3,350.21999999999997,Bank Transfer,2024,11,24
99423,675,2024-08-30,5,877.5,Cash on Delivery,2024,8,30
10211,964,2024-07-23,2,65.02,Cash on Delivery,2024,7,23
47342,141,2024-08-30,4,904.92,Credit Card,2024,8,30
35152,106,2025-03-01,1,87.9,Bank Transfer,2025,3,1
28742,184,2024-06-02,5,1678.0500000000002,Cash on Delivery,2024,6,2
20004,137,2024-05-25,3,660.96,Credit Card,2024,5,25
53575,622,2024-05-04,3,225.06,Credit Card,2024,5,4
34224,347,2025-01-27,5,2051.9,Bank Transfer,2025,1,27
87467,199,2024-10-05,4,215.08,Credit Card,2024,10,5
89887,576,2024-05-13,3,592.59,Credit Card,2024,5,13
71870,522,2024-12-30,3,858.03,Cash on Delivery,2024,12,30
63842,781,2024-06-22,2,921.5,Cash on Delivery,2024,6,22
97274,560,2025-02-24,3,235.82999999999998,Credit Card,2025,2,24
23807,547,2024-12-02,5,1988.15,Credit Card,2024,12,2
74278,225,2024-10-13,1,304.0,Cash on Delivery,2024,10,13
27836,302,2024-06-09,4,442.68,Cash on Delivery,2024,6,9
13591,884,2024-04-21,1,394.06,Credit Card,2024,4,21
50980,688,2024-05-29,2,89.6,Credit Card,2024,5,29
53270,848,2024-09-15,1,431.8,Cash on Delivery,2024,9,15
47212,856,2024-03-28,4,1910.72,Credit Card,2024,3,28
30090,493,2024-03-26,3,88.56,Credit Card,2024,3,26
47189,700,2024-05-10,1,385.88,Bank Transfer,2024,5,10
92276,555,2024-07-11,4,1247.44,Bank Transfer,2024,7,11
84661,129,2024-04-04,2,545.66,Bank Transfer,2024,4,4
62444,222,2024-10-14,3,1057.0500000000002,Cash on Delivery,2024,10,14
94912,795,2024-11-14,4,1852.28,Credit Card,2024,11,14
90560,739,2024-05-26,2,137.06,Cash on Delivery,2024,5,26
50437,220,2024-09-20,2,532.54,Cash on Delivery,2024,9,20
50139,905,2024-12-10,4,1552.0,Credit Card,2024,12,10
22264,870,2024-03-26,1,138.85,Cash on Delivery,2024,3,26
84937,186,2024-05-02,4,148.68,Cash on Delivery,2024,5,2
44793,401,2024-05-17,5,1701.6,Credit Card,2024,5,17
11164,154,2024-11-20,5,649.1500000000001,Bank Transfer,2024,11,20
53993,268,2025-03-06,3,842.6999999999999,Cash on Delivery,2025,3,6
15858,626,2024-09-20,2,427.94,Cash on Delivery,2024,9,20
20025,681,2024-12-21,2,137.02,Cash on Delivery,2024,12,21
33753,531,2024-08-18,3,1432.5,Credit Card,2024,8,18
54627,297,2024-08-18,1,52.33,Bank Transfer,2024,8,18
92393,344,2025-03-12,5,1861.9499999999998,Credit Card,2025,3,12
25309,977,2024-08-24,3,1106.73,Cash on Delivery,2024,8,24
37422,444,2024-08-28,5,108.6,Cash on Delivery,2024,8,28
99243,739,2025-01-25,2,21.44,Cash on Delivery,2025,1,25
26759,762,2024-04-30,3,331.65,Credit Card,2024,4,30
77451,509,2024-07-20,3,166.74,Credit Card,2024,7,20
41613,159,2025-02-21,5,2437.6499999999996,Credit Card,2025,2,21
20019,886,2025-03-04,4,1200.12,Credit Card,2025,3,4
76799,691,2024-11-08,3,413.66999999999996,Bank Transfer,2024,11,8
14911,589,2025-01-18,2,463.7,Credit Card,2025,1,18
42185,615,2024-09-24,2,172.3,Credit Card,2024,9,24
36989,639,2024-12-22,3,556.6800000000001,Credit Card,2024,12,22
62189,650,2025-02-21,3,261.69,Cash on Delivery,2025,2,21
51971,990,2024-04-09,4,461.44,Bank Transfer,2024,4,9
42991,144,2024-08-24,1,261.6,Cash on Delivery,2024,8,24
61358,439,2025-02-26,5,2382.6499999999996,Bank Transfer,2025,2,26
40849,554,2025-01-03,4,239.72,Credit Card,2025,1,3
65102,294,2024-09-10,1,107.09,Bank Transfer,2024,9,10
93663,482,2024-04-25,1,297.2,Credit Card,2024,4,25
92929,716,2024-10-13,2,110.14,Bank Transfer,2024,10,13
17439,520,2024-08-12,4,1851.28,Bank Transfer,2024,8,12
25536,482,2024-08-07,3,1034.31,Credit Card,2024,8,7
45637,961,2024-10-22,3,685.6500000000001,Credit Card,2024,10,22
36922,226,2024-10-17,1,254.46,Cash on Delivery,2024,10,17
48551,374,2025-01-14,3,646.29,Cash on Delivery,2025,1,14
62183,568,2024-04-04,2,989.62,Cash on Delivery,2024,4,4
96862,146,2024-09-28,5,2286.0499999999997,Cash on Delivery,2024,9,28
94597,241,2024-12-28,2,605.18,Credit Card,2024,12,28
44994,879,2024-12-14,5,1347.1000000000001,Cash on Delivery,2024,12,14
57366,267,2024-05-09,2,663.72,Bank Transfer,2024,5,9
74049,354,2024-10-07,5,1460.4499999999998,Bank Transfer,2024,10,7
14046,689,2024-12-19,4,503.64,Bank Transfer,2024,12,19
54645,190,2024-07-30,4,1418.76,Bank Transfer,2024,7,30
24024,869,2024-05-09,5,2099.9,Bank Transfer,2024,5,9
57449,247,2024-10-20,5,187.60000000000002,Cash on Delivery,2024,10,20
87653,653,2024-07-28,2,919.54,Credit Card,2024,7,28
76203,307,2024-04-03,5,195.9,Credit Card,2024,4,3
45679,470,2025-02-08,4,1726.92,Credit Card,2025,2,8
83914,738,2024-07-12,2,119.02,Bank Transfer,2024,7,12
55931,431,2024-09-13,2,656.2,Credit Card,2024,9,13
68792,209,2024-11-09,1,119.39,Cash on Delivery,2024,11,9
58848,876,2024-08-08,2,194.16,Credit Card,2024,8,8
13992,375,2024-09-28,5,129.35,Cash on Delivery,2024,9,28
33897,755,2024-06-11,1,323.43,Credit Card,2024,6,11
69817,100,2024-12-12,4,719.76,Bank Transfer,2024,12,12
88142,992,2024-11-09,3,686.55,Bank Transfer,2024,11,9
43023,241,2024-11-13,5,1978.1999999999998,Cash on Delivery,2024,11,13
76411,576,2024-11-18,4,1773.72,Bank Transfer,2024,11,18
53652,899,2024-06-14,5,2080.6,Cash on Delivery,2024,6,14
23300,737,2024-06-05,2,92.24,Credit Card,2024,6,5
96041,595,2024-09-22,2,354.98,Bank Transfer,2024,9,22
33156,855,2025-03-16,3,903.21,Cash on Delivery,2025,3,16
81896,105,2025-01-20,2,615.18,Bank Transfer,2025,1,20
17483,205,2024-06-11,4,842.2,Cash on Delivery,2024,6,11
56269,575,2024-08-25,5,778.65,Credit Card,2024,8,25
62764,901,2024-11-03,4,146.84,Credit Card,2024,11,3
63876,545,2024-09-04,2,215.68,Credit Card,2024,9,4
76057,560,2024-07-03,4,1693.8,Bank Transfer,2024,7,3
28381,973,2024-04-26,1,324.51,Bank Transfer,2024,4,26
62323,308,2024-11-04,5,1142.15,Bank Transfer,2024,11,4
13120,893,2024-04-07,1,40.2,Cash on Delivery,2024,4,7
78206,610,2024-08-17,5,1064.25,Cash on Delivery,2024,8,17
63278,722,2024-05-31,2,430.26,Cash on Delivery,2024,5,31
77729,744,2024-03-23,3,730.11,Credit Card,2024,3,23
76603,511,2025-02-27,2,579.8,Cash on Delivery,2025,2,27
61332,200,2024-06-01,2,137.88,Bank Transfer,2024,6,1
16119,628,2024-12-03,1,71.83,Bank Transfer,2024,12,3
91463,110,2024-09-27,5,2093.5499999999997,Bank Transfer,2024,9,27
85934,141,2024-03-23,2,400.34,Bank Transfer,2024,3,23
91509,113,2025-02-24,3,1378.23,Credit Card,2025,2,24
36278,246,2024-11-09,2,130.26,Credit Card,2024,11,9
13725,564,2024-06-16,4,1142.88,Credit Card,2024,6,16
45232,140,2024-05-28,2,278.86,Cash on Delivery,2024,5,28
55539,614,2024-12-13,5,724.75,Credit Card,2024,12,13
77318,305,2025-02-18,2,407.88,Bank Transfer,2025,2,18
25761,657,2024-05-11,4,1798.2,Credit Card,2024,5,11
62981,200,2024-07-20,2,845.98,Cash on Delivery,2024,7,20
54917,405,2024-12-26,4,628.96,Cash on Delivery,2024,12,26
73536,311,2024-06-12,5,1532.2,Credit Card,2024,6,12
47349,517,2025-01-26,2,764.3,Bank Transfer,2025,1,26
19284,944,2024-07-28,5,812.25,Cash on Delivery,2024,7,28
60712,775,2025-02-09,5,120.9,Credit Card,2025,2,9
92087,888,2024-03-26,4,104.8,Credit Card,2024,3,26
99315,618,2024-10-03,3,1240.56,Cash on Delivery,2024,10,3
10679,819,2024-04-23,4,770.04,Cash on Delivery,2024,4,23
53474,892,2024-09-26,5,1400.75,Bank Transfer,2024,9,26
47962,396,2024-06-13,3,70.35,Credit Card,2024,6,13
39413,362,2024-10-01,2,654.44,Cash on Delivery,2024,10,1
46239,413,2025-01-26,2,867.34,Cash on Delivery,2025,1,26
59603,125,2024-09-05,2,804.84,Credit Card,2024,9,5
92950,265,2024-03-27,2,435.34,Bank Transfer,2024,3,27
85365,870,2024-12-18,2,316.1,Cash on Delivery,2024,12,18
17937,787,2025-02-17,4,1042.56,Cash on Delivery,2025,2,17
74288,173,2024-08-04,2,616.86,Bank Transfer,2024,8,4
77157,635,2025-01-07,4,1295.56,Bank Transfer,2025,1,7
87140,977,2024-12-02,3,250.41,Credit Card,2024,12,2
54306,409,2024-09-26,1,333.66,Cash on Delivery,2024,9,26
36926,350,2024-03-29,2,274.24,Bank Transfer,2024,3,29
74490,677,2024-05-26,1,409.85,Bank Transfer,2024,5,26
75854,783,2024-10-08,3,1362.6,Cash on Delivery,2024,10,8
17341,291,2024-08-10,5,493.8,Credit Card,2024,8,10
35822,748,2024-04-22,1,473.99,Bank Transfer,2024,4,22
47566,574,2024-09-07,4,864.12,Bank Transfer,2024,9,7
81133,682,2024-11-16,1,240.56,Cash on Delivery,2024,11,16
82756,597,2024-09-28,3,1337.46,Cash on Delivery,2024,9,28
14276,513,2024-09-14,5,1062.1,Credit Card,2024,9,14
48855,809,2024-11-05,1,447.49,Bank Transfer,2024,11,5
58295,187,2024-07-17,3,746.73,Cash on Delivery,2024,7,17
24196,229,2025-01-06,1,231.51,Credit Card,2025,1,6
92507,170,2024-07-19,1,394.75,Credit Card,2024,7,19
57960,951,2024-04-09,1,220.22,Bank Transfer,2024,4,9
34368,204,2024-07-31,3,1426.59,Bank Transfer,2024,7,31
82764,763,2024-04-23,1,317.08,Credit Card,2024,4,23
71646,693,2024-09-15,2,120.66,Cash on Delivery,2024,9,15
82989,892,2024-05-24,1,474.75,Bank Transfer,2024,5,24
91997,118,2024-03-21,4,1780.44,Credit Card,2024,3,21
38807,756,2024-10-11,4,363.16,Bank Transfer,2024,10,11
81959,433,2025-03-13,2,739.4,Cash on Delivery,2025,3,13
48904,931,2025-02-07,3,1318.53,Bank Transfer,2025,2,7
29007,951,2024-09-11,4,1337.48,Cash on Delivery,2024,9,11
35793,427,2024-11-23,2,455.42,Credit Card,2024,11,23
56948,349,2025-01-28,3,1051.92,Cash on Delivery,2025,1,28
65579,533,2024-10-07,1,142.29,Cash on Delivery,2024,10,7
61930,660,2024-04-05,3,1086.6,Credit Card,2024,4,5
32947,387,2025-01-10,2,616.82,Bank Transfer,2025,1,10
27766,257,2024-09-25,5,773.6,Credit Card,2024,9,25
21745,560,2024-12-23,5,624.55,Credit Card,2024,12,23
77096,369,2024-11-30,4,332.32,Credit Card,2024,11,30
99677,622,2025-02-15,4,1302.92,Bank Transfer,2025,2,15
39828,953,2025-02-12,3,176.73,Credit Card,2025,2,12
84736,624,2024-06-27,1,218.74,Credit Card,2024,6,27
49782,911,2024-10-27,3,1282.44,Cash on Delivery,2024,10,27
45241,448,2024-10-14,5,707.35,Cash on Delivery,2024,10,14
13431,591,2025-01-03,3,619.14,Bank Transfer,2025,1,3
91430,417,2024-11-08,5,1639.65,Credit Card,2024,11,8
14487,923,2024-11-01,5,304.1,Cash on Delivery,2024,11,1
74218,631,2024-12-30,1,309.55,Bank Transfer,2024,12,30
37624,681,2025-03-08,1,461.0,Credit Card,2025,3,8
25561,275,2024-11-23,1,330.94,Credit Card,2024,11,23
25091,766,2025-01-30,5,598.75,Cash on Delivery,2025,1,30
65398,505,2024-11-18,4,888.4,Cash on Delivery,2024,11,18
37040,628,2024-07-28,3,1263.3899999999999,Cash on Delivery,2024,7,28
53928,624,2024-07-18,5,1288.65,Bank Transfer,2024,7,18
81400,950,2024-08-02,4,668.44,Bank Transfer,2024,8,2
38645,851,2025-02-12,2,650.46,Bank Transfer,2025,2,12
61294,645,2024-08-23,2,459.14,Bank Transfer,2024,8,23
42912,811,2024-10-05,5,301.5,Bank Transfer,2024,10,5
91781,497,2024-03-20,3,1445.85,Cash on Delivery,2024,3,20
72072,349,2025-02-09,3,1427.01,Bank Transfer,2025,2,9
89104,358,2024-12-07,3,853.4100000000001,Cash on Delivery,2024,12,7
25897,247,2024-11-22,5,329.35,Cash on Delivery,2024,11,22
29111,355,2024-11-12,3,797.31,Cash on Delivery,2024,11,12
18651,121,2024-07-04,5,2063.5,Cash on Delivery,2024,7,4
36373,901,2024-09-25,1,101.9,Bank Transfer,2024,9,25
63014,323,2025-03-12,3,188.43,Bank Transfer,2025,3,12
90154,762,2024-07-27,1,388.35,Bank Transfer,2024,7,27
81927,669,2024-05-04,1,482.29,Credit Card,2024,5,4
50538,868,2024-10-02,2,493.28,Cash on Delivery,2024,10,2
31600,775,2025-02-19,2,735.88,Credit Card,2025,2,19
50200,841,2024-05-03,2,514.02,Bank Transfer,2024,5,3
16430,522,2024-10-23,2,409.92,Bank Transfer,2024,10,23
99042,343,2024-05-26,2,424.5,Cash on Delivery,2024,5,26
29306,162,2024-12-07,3,1076.46,Cash on Delivery,2024,12,7
64799,950,2024-10-30,4,1385.76,Cash on Delivery,2024,10,30
56589,969,2024-12-27,1,275.82,Cash on Delivery,2024,12,27
79379,411,2024-10-18,5,1226.9,Cash on Delivery,2024,10,18
51171,608,2024-09-08,1,439.96,Bank Transfer,2024,9,8
48362,186,2024-05-12,1,81.21,Cash on Delivery,2024,5,12
86056,629,2024-05-27,2,689.72,Credit Card,2024,5,27
90329,114,2024-08-17,4,1517.04,Credit Card,2024,8,17
52647,806,2024-12-16,4,1735.08,Cash on Delivery,2024,12,16
60295,636,2024-09-14,2,699.08,Credit Card,2024,9,14
47453,175,2024-08-04,2,72.72,Cash on Delivery,2024,8,4
26742,349,2024-08-30,3,1369.8899999999999,Cash on Delivery,2024,8,30
31977,490,2024-04-01,5,1859.1999999999998,Credit Card,2024,4,1
18511,877,2024-04-07,4,387.76,Cash on Delivery,2024,4,7
12945,798,2024-09-30,5,974.1500000000001,Bank Transfer,2024,9,30
86737,352,2025-01-16,1,424.55,Credit Card,2025,1,16
67405,183,2024-04-13,2,170.62,Bank Transfer,2024,4,13
52751,399,2024-09-08,3,751.11,Cash on Delivery,2024,9,8
54453,246,2025-01-28,2,235.56,Credit Card,2025,1,28
13011,231,2024-07-29,2,552.22,Bank Transfer,2024,7,29
67232,645,2024-05-29,2,344.44,Bank Transfer,2024,5,29
92859,727,2024-09-12,3,1495.0500000000002,Cash on Delivery,2024,9,12
51714,479,2024-07-12,3,1359.6,Cash on Delivery,2024,7,12
79715,977,2024-11-22,5,984.35,Credit Card,2024,11,22
26457,279,2024-10-07,5,2282.75,Bank Transfer,2024,10,7
36759,952,2024-04-16,5,776.25,Cash on Delivery,2024,4,16
59266,405,2024-10-14,2,972.2,Cash on Delivery,2024,10,14
18191,355,2024-12-11,2,867.66,Bank Transfer,2024,12,11
43995,537,2024-04-26,4,1503.92,Credit Card,2024,4,26
62030,375,2024-05-28,2,91.78,Credit Card,2024,5,28
62120,501,2025-03-05,3,1369.1399999999999,Bank Transfer,2025,3,5
97308,712,2024-05-21,2,36.56,Cash on Delivery,2024,5,21
86727,102,2025-03-10,4,1521.68,Cash on Delivery,2025,3,10
94503,874,2024-09-24,2,124.02,Cash on Delivery,2024,9,24
82945,952,2024-05-23,2,407.22,Cash on Delivery,2024,5,23
45242,471,2025-01-14,4,1503.64,Cash on Delivery,2025,1,14
32168,896,2024-09-29,4,1916.48,Credit Card,2024,9,29
43139,669,2024-07-06,5,62.300000000000004,Cash on Delivery,2024,7,6
88885,393,2024-12-13,1,112.93,Cash on Delivery,2024,12,13
27584,366,2025-01-10,1,79.8,Credit Card,2025,1,10
89618,567,2025-03-01,1,98.87,Cash on Delivery,2025,3,1
70242,732,2024-04-21,2,651.78,Credit Card,2024,4,21
11655,961,2025-03-05,4,1462.16,Bank Transfer,2025,3,5
77187,500,2024-05-03,1,149.72,Credit Card,2024,5,3
85139,844,2024-12-13,1,312.01,Bank Transfer,2024,12,13
49769,295,2025-02-11,5,2028.85,Bank Transfer,2025,2,11
18860,860,2025-01-13,1,145.57,Bank Transfer,2025,1,13
48216,738,2024-08-12,5,1141.1499999999999,Bank Transfer,2024,8,12
32522,638,2024-11-17,4,1689.92,Credit Card,2024,11,17
37275,765,2024-07-22,1,447.13,Cash on Delivery,2024,7,22
92654,693,2024-06-10,1,386.91,Credit Card,2024,6,10
60796,535,2024-06-01,2,482.66,Credit Card,2024,6,1
98151,707,2024-05-14,2,151.2,Cash on Delivery,2024,5,14
19327,454,2024-04-26,3,1004.1299999999999,Cash on Delivery,2024,4,26
77848,713,2024-07-14,4,352.08,Cash on Delivery,2024,7,14
99026,665,2024-08-18,5,2351.0,Credit Card,2024,8,18
48813,395,2025-03-14,1,191.02,Credit Card,2025,3,14
88937,504,2025-01-04,2,480.28,Bank Transfer,2025,1,4
29312,481,2024-08-12,4,1419.32,Cash on Delivery,2024,8,12
21298,479,2025-01-17,4,1106.92,Credit Card,2025,1,17
82746,101,2024-11-18,3,789.48,Bank Transfer,2024,11,18
45270,685,2024-04-26,1,410.45,Bank Transfer,2024,4,26
65819,691,2024-06-16,2,511.8,Credit Card,2024,6,16
14029,436,2025-02-20,4,454.56,Credit Card,2025,2,20
42097,317,2024-05-08,3,639.48,Bank Transfer,2024,5,8
78056,313,2024-09-21,2,226.48,Credit Card,2024,9,21
29123,506,2024-09-12,3,217.98,Cash on Delivery,2024,9,12
11363,816,2024-10-02,3,245.88,Credit Card,2024,10,2
47637,197,2024-09-28,2,969.86,Cash on Delivery,2024,9,28
72471,557,2024-08-22,3,348.39,Cash on Delivery,2024,8,22
55956,110,2024-05-17,3,1250.6399999999999,Cash on Delivery,2024,5,17
60036,244,2024-11-27,4,1332.92,Bank Transfer,2024,11,27
65235,554,2024-07-29,1,299.39,Credit Card,2024,7,29
68904,957,2024-12-16,4,1064.52,Cash on Delivery,2024,12,16
11101,750,2024-09-27,5,484.7,Cash on Delivery,2024,9,27
91161,556,2024-05-29,3,1136.01,Credit Card,2024,5,29
31593,343,2025-02-16,1,415.49,Cash on Delivery,2025,2,16
19180,427,2024-08-17,2,703.68,Bank Transfer,2024,8,17
21588,112,2024-03-25,2,597.26,Cash on Delivery,2024,3,25
92632,712,2024-10-15,3,655.47,Bank Transfer,2024,10,15
92429,710,2024-09-20,4,1212.64,Cash on Delivery,2024,9,20
99265,532,2024-08-24,5,1330.2,Cash on Delivery,2024,8,24
12167,500,2024-11-20,1,187.51,Credit Card,2024,11,20
22739,196,2024-07-15,5,1087.75,Bank Transfer,2024,7,15
51408,511,2025-02-14,2,424.96,Cash on Delivery,2025,2,14
98186,606,2024-08-25,1,134.35,Bank Transfer,2024,8,25
31253,226,2024-12-11,3,1286.85,Cash on Delivery,2024,12,11
34709,636,2024-10-28,2,230.16,Bank Transfer,2024,10,28
96221,136,2025-02-14,1,88.76,Cash on Delivery,2025,2,14
98713,260,2025-02-05,1,463.67,Bank Transfer,2025,2,5
79880,664,2024-06-01,5,1542.1000000000001,Cash on Delivery,2024,6,1
79018,460,2024-09-08,2,300.74,Cash on Delivery,2024,9,8
88218,299,2025-02-04,3,675.3,Credit Card,2025,2,4
69327,183,2024-08-28,3,316.29,Cash on Delivery,2024,8,28
52134,592,2024-04-11,1,340.27,Bank Transfer,2024,4,11
39427,292,2024-06-13,3,1495.32,Bank Transfer,2024,6,13
55371,753,2024-04-02,4,1054.76,Cash on Delivery,2024,4,2
96190,415,2024-11-04,5,1829.05,Cash on Delivery,2024,11,4
55421,315,2025-03-16,2,614.24,Credit Card,2025,3,16
36683,125,2025-02-21,2,191.54,Cash on Delivery,2025,2,21
96700,598,2024-03-27,4,1896.16,Cash on Delivery,2024,3,27
15505,465,2024-10-25,2,700.3,Bank Transfer,2024,10,25
46965,329,2025-02-21,3,1031.94,Cash on Delivery,2025,2,21
73481,538,2024-08-24,4,790.04,Credit Card,2024,8,24
32978,667,2024-11-11,4,1912.68,Cash on Delivery,2024,11,11
60294,486,2024-04-19,4,603.08,Bank Transfer,2024,4,19
27462,864,2024-09-08,5,2331.9,Bank Transfer,2024,9,8
58481,128,2024-04-18,4,398.24,Cash on Delivery,2024,4,18
93038,847,2025-01-06,5,625.4,Credit Card,2025,1,6
82649,983,2024-11-26,1,419.8,Bank Transfer,2024,11,26
47335,776,2024-08-25,5,1553.8999999999999,Cash on Delivery,2024,8,25
90319,797,2024-06-25,4,658.2,Cash on Delivery,2024,6,25
86183,263,2025-02-21,3,614.88,Cash on Delivery,2025,2,21
24175,122,2025-03-19,5,2352.15,Credit Card,2025,3,19
73858,604,2024-05-21,4,1953.96,Cash on Delivery,2024,5,21
52435,529,2024-11-11,5,1701.55,Bank Transfer,2024,11,11
11455,374,2024-04-14,2,203.4,Bank Transfer,2024,4,14
93036,964,2025-01-28,4,757.2,Bank Transfer,2025,1,28
76569,447,2025-01-12,1,428.62,Bank Transfer,2025,1,12
13356,232,2024-12-27,5,2044.75,Cash on Delivery,2024,12,27
95980,804,2024-12-06,1,106.07,Cash on Delivery,2024,12,6
13042,464,2024-05-15,5,1274.0,Cash on Delivery,2024,5,15
64649,438,2024-12-07,5,664.9,Cash on Delivery,2024,12,7
79954,295,2024-07-25,5,577.9,Bank Transfer,2024,7,25
73957,834,2024-07-28,5,686.4499999999999,Bank Transfer,2024,7,28
96551,526,2024-10-21,2,39.44,Credit Card,2024,10,21
85518,519,2025-03-11,1,292.66,Cash on Delivery,2025,3,11
82689,254,2024-09-23,1,169.29,Cash on Delivery,2024,9,23
87052,815,2024-06-13,3,932.0999999999999,Bank Transfer,2024,6,13
35514,791,2024-08-12,4,866.76,Cash on Delivery,2024,8,12
78620,909,2024-07-11,1,89.38,Credit Card,2024,7,11
96418,939,2024-09-18,2,651.76,Bank Transfer,2024,9,18
80018,257,2024-11-06,4,1061.04,Bank Transfer,2024,11,6
25370,576,2024-09-09,1,366.61,Cash on Delivery,2024,9,9
30282,411,2025-02-19,3,275.37,Credit Card,2025,2,19
11578,787,2024-05-22,2,72.74,Bank Transfer,2024,5,22
97390,512,2024-07-24,3,938.61,Credit Card,2024,7,24
22729,649,2024-03-31,2,262.44,Bank Transfer,2024,3,31
32747,322,2024-06-30,1,24.0,Cash on Delivery,2024,6,30
93277,428,2024-06-20,1,487.74,Cash on Delivery,2024,6,20
31245,209,2024-07-25,1,96.75,Cash on Delivery,2024,7,25
50842,300,2024-10-14,3,799.5,Cash on Delivery,2024,10,14
42780,482,2024-11-26,4,485.16,Credit Card,2024,11,26
43949,346,2025-01-28,3,476.25,Credit Card,2025,1,28
50142,347,2024-10-18,2,301.02,Cash on Delivery,2024,10,18
97111,897,2024-09-07,4,57.88,Bank Transfer,2024,9,7
88321,738,2024-09-22,5,965.45,Bank Transfer,2024,9,22
95344,551,2024-10-12,3,1080.96,Cash on Delivery,2024,10,12
88797,244,2024-10-26,3,650.7,Credit Card,2024,10,26
88975,577,2024-11-14,3,448.47,Cash on Delivery,2024,11,14
52849,829,2024-03-20,3,298.14,Bank Transfer,2024,3,20
25985,480,2025-02-07,2,706.46,Bank Transfer,2025,2,7
74178,179,2024-12-13,1,20.84,Credit Card,2024,12,13
16797,333,2024-07-27,1,124.08,Credit Card,2024,7,27
61595,586,2024-11-01,2,790.02,Bank Transfer,2024,11,1
57134,101,2024-08-29,4,197.24,Credit Card,2024,8,29
54710,343,2024-04-11,5,1201.85,Credit Card,2024,4,11
45307,162,2025-01-14,1,69.76,Cash on Delivery,2025,1,14
98156,759,2024-03-20,3,1114.29,Credit Card,2024,3,20
85771,299,2024-12-18,2,672.68,Credit Card,2024,12,18
69632,451,2024-11-13,3,263.15999999999997,Cash on Delivery,2024,11,13
39305,846,2024-07-25,4,536.48,Cash on Delivery,2024,7,25
42739,149,2024-09-29,5,2434.5,Credit Card,2024,9,29
19510,648,2024-10-21,4,1186.0,Bank Transfer,2024,10,21
79723,568,2024-07-16,1,393.9,Bank Transfer,2024,7,16
58363,536,2024-09-02,5,436.34999999999997,Credit Card,2024,9,2
54476,678,2025-01-14,2,368.4,Credit Card,2025,1,14
81507,611,2025-01-13,1,124.01,Cash on Delivery,2025,1,13
14376,840,2025-02-15,5,102.30000000000001,Bank Transfer,2025,2,15
98227,960,2024-05-25,4,1425.0,Cash on Delivery,2024,5,25
32637,175,2024-07-15,3,304.35,Bank Transfer,2024,7,15
32787,359,2024-12-05,5,442.84999999999997,Cash on Delivery,2024,12,5
64016,970,2024-10-29,1,189.89,Credit Card,2024,10,29
38808,928,2024-04-21,2,627.34,Bank Transfer,2024,4,21
48725,471,2024-06-02,2,822.66,Credit Card,2024,6,2
79047,517,2024-09-16,3,931.17,Bank Transfer,2024,9,16
84001,970,2024-09-17,5,1664.3000000000002,Credit Card,2024,9,17
24025,761,2024-10-16,5,312.3,Credit Card,2024,10,16
72324,735,2024-04-19,1,267.65,Cash on Delivery,2024,4,19
93644,734,2025-01-31,2,723.48,Credit Card,2025,1,31
35717,374,2025-03-10,1,239.35,Cash on Delivery,2025,3,10
79189,639,2024-08-30,1,399.18,Credit Card,2024,8,30
97433,677,2024-07-26,4,1675.52,Credit Card,2024,7,26
46834,506,2024-06-24,5,1826.6499999999999,Cash on Delivery,2024,6,24
91867,893,2024-05-20,1,316.41,Credit Card,2024,5,20
15872,733,2025-03-14,2,370.8,Bank Transfer,2025,3,14
41333,459,2024-05-04,3,1194.93,Cash on Delivery,2024,5,4
82894,585,2024-12-15,1,499.23,Bank Transfer,2024,12,15
73282,883,2024-07-23,1,423.98,Bank Transfer,2024,7,23
37729,180,2024-12-31,2,255.9,Cash on Delivery,2024,12,31
48803,285,2024-09-27,1,481.21,Bank Transfer,2024,9,27
36855,132,2024-09-22,2,603.84,Cash on Delivery,2024,9,22
40540,509,2024-10-25,3,1477.0500000000002,Credit Card,2024,10,25
17074,224,2024-06-02,1,260.52,Cash on Delivery,2024,6,2
62821,146,2025-01-15,5,921.35,Credit Card,2025,1,15
65571,646,2024-03-20,1,135.56,Bank Transfer,2024,3,20
19925,747,2025-01-29,3,1093.65,Bank Transfer,2025,1,29
56744,798,2024-08-17,5,1508.3000000000002,Bank Transfer,2024,8,17
99850,453,2025-02-27,3,1176.78,Bank Transfer,2025,2,27
91017,408,2025-01-29,2,872.4,Credit Card,2025,1,29
55304,417,2024-11-16,1,36.52,Cash on Delivery,2024,11,16
41567,292,2025-01-25,4,1024.72,Credit Card,2025,1,25
28844,580,2024-04-30,2,757.78,Cash on Delivery,2024,4,30
89576,774,2024-09-21,3,247.59,Bank Transfer,2024,9,21
95795,955,2024-06-28,4,822.4,Credit Card,2024,6,28
27117,312,2024-11-27,4,982.6,Credit Card,2024,11,27
39659,881,2025-02-26,2,623.68,Cash on Delivery,2025,2,26
63665,747,2024-11-14,1,168.47,Cash on Delivery,2024,11,14
19863,315,2024-05-14,2,361.34,Bank Transfer,2024,5,14
98418,471,2024-05-28,2,987.9,Cash on Delivery,2024,5,28
50575,107,2024-09-24,4,903.32,Credit Card,2024,9,24
81790,854,2024-04-15,5,1861.9499999999998,Credit Card,2024,4,15
78752,158,2024-04-07,5,891.0,Credit Card,2024,4,7
14520,222,2024-12-22,3,1117.83,Credit Card,2024,12,22
51391,418,2025-02-15,5,1233.4,Cash on Delivery,2025,2,15
95940,672,2024-06-24,3,887.01,Cash on Delivery,2024,6,24
19238,517,2025-01-11,2,216.68,Cash on Delivery,2025,1,11
24744,818,2024-07-08,5,1002.2,Bank Transfer,2024,7,8
35625,863,2024-11-24,2,38.7,Cash on Delivery,2024,11,24
45508,300,2024-10-15,3,1358.6999999999998,Bank Transfer,2024,10,15
49017,128,2024-05-07,1,255.32,Bank Transfer,2024,5,7
52278,749,2024-07-25,3,1385.73,Bank Transfer,2024,7,25
14109,149,2024-07-17,5,899.5999999999999,Bank Transfer,2024,7,17
98997,703,2024-10-22,3,1223.49,Cash on Delivery,2024,10,22
40188,533,2025-02-24,1,475.07,Credit Card,2025,2,24
11645,642,2024-12-23,5,1838.25,Cash on Delivery,2024,12,23
65284,290,2025-01-14,3,383.34000000000003,Credit Card,2025,1,14
45059,856,2025-01-15,1,230.09,Credit Card,2025,1,15
60063,173,2024-12-19,1,432.67,Bank Transfer,2024,12,19
27736,106,2024-11-08,1,497.89,Credit Card,2024,11,8
26583,217,2024-04-10,4,172.92,Cash on Delivery,2024,4,10
27730,385,2025-03-19,1,366.27,Bank Transfer,2025,3,19
72159,329,2024-05-12,3,681.21,Cash on Delivery,2024,5,12
72238,435,2024-03-28,2,148.92,Credit Card,2024,3,28
38114,817,2024-05-09,2,575.7,Credit Card,2024,5,9
19405,433,2024-06-29,4,195.76,Bank Transfer,2024,6,29
93547,663,2024-06-29,3,300.45000000000005,Bank Transfer,2024,6,29
49262,910,2024-07-14,3,77.37,Credit Card,2024,7,14
97874,967,2024-05-30,5,1906.55,Credit Card,2024,5,30
76505,295,2024-12-11,5,1250.35,Bank Transfer,2024,12,11
41014,569,2024-07-11,1,390.35,Cash on Delivery,2024,7,11
94899,853,2024-03-19,5,1548.1999999999998,Cash on Delivery,2024,3,19
21391,143,2025-01-11,1,63.56,Bank Transfer,2025,1,11
99233,842,2024-09-08,1,273.56,Cash on Delivery,2024,9,8
35246,209,2024-10-11,3,458.04,Bank Transfer,2024,10,11
65789,368,2024-08-12,3,274.74,Bank Transfer,2024,8,12
68218,680,2024-06-11,4,948.6,Cash on Delivery,2024,6,11
87200,937,2025-02-11,1,391.58,Cash on Delivery,2025,2,11
87478,788,2024-04-19,1,22.21,Bank Transfer,2024,4,19
35014,149,2024-07-28,1,54.19,Bank Transfer,2024,7,28
73507,133,2024-12-25,4,218.72,Cash on Delivery,2024,12,25
33203,236,2024-05-31,5,1830.8500000000001,Cash on Delivery,2024,5,31
10792,898,2024-04-21,2,63.02,Credit Card,2024,4,21
69895,848,2024-04-27,3,1307.16,Credit Card,2024,4,27
19845,798,2024-10-26,2,735.56,Bank Transfer,2024,10,26
57116,319,2024-10-06,5,58.650000000000006,Bank Transfer,2024,10,6
90219,430,2024-07-15,1,405.65,Cash on Delivery,2024,7,15
99259,426,2024-09-04,3,696.99,Bank Transfer,2024,9,4
47814,557,2024-07-17,1,146.28,Cash on Delivery,2024,7,17
55438,716,2024-06-09,3,247.95000000000002,Cash on Delivery,2024,6,9
84328,122,2025-02-06,1,420.63,Bank Transfer,2025,2,6
35155,956,2024-11-19,2,993.86,Credit Card,2024,11,19
72701,828,2024-03-22,5,1978.8999999999999,Credit Card,2024,3,22
43869,306,2024-06-27,2,111.26,Bank Transfer,2024,6,27
57419,222,2024-12-15,2,846.44,Credit Card,2024,12,15
24147,568,2024-08-23,1,268.26,Cash on Delivery,2024,8,23
21838,582,2024-06-25,2,579.94,Cash on Delivery,2024,6,25
37330,881,2024-03-27,5,1096.3,Bank Transfer,2024,3,27
69487,729,2024-08-31,4,1857.12,Cash on Delivery,2024,8,31
64496,146,2024-06-18,1,405.91,Cash on Delivery,2024,6,18
11021,114,2024-08-12,5,339.6,Bank Transfer,2024,8,12
21063,327,2025-01-23,2,999.0,Bank Transfer,2025,1,23
95274,126,2024-05-15,5,1619.5,Cash on Delivery,2024,5,15
11871,479,2024-09-23,3,774.8399999999999,Bank Transfer,2024,9,23
89789,953,2024-04-19,4,816.24,Cash on Delivery,2024,4,19
92942,489,2025-01-17,3,515.8499999999999,Bank Transfer,2025,1,17
21664,395,2024-06-10,3,979.11,Bank Transfer,2024,6,10
94070,822,2024-11-26,2,473.22,Bank Transfer,2024,11,26
97102,663,2024-03-28,4,1147.28,Cash on Delivery,2024,3,28
71609,510,2025-01-22,2,691.78,Bank Transfer,2025,1,22
54318,142,2024-06-29,2,983.94,Cash on Delivery,2024,6,29
99887,237,2024-09-24,1,101.82,Credit Card,2024,9,24
97829,640,2024-10-09,5,715.15,Credit Card,2024,10,9
46034,995,2024-04-26,5,579.55,Bank Transfer,2024,4,26
76076,184,2024-12-20,4,1830.16,Bank Transfer,2024,12,20
74233,750,2024-10-13,2,206.4,Bank Transfer,2024,10,13
33094,298,2024-08-12,2,774.1,Credit Card,2024,8,12
99414,186,2024-08-17,4,1460.16,Bank Transfer,2024,8,17
49993,880,2024-03-23,1,162.38,Credit Card,2024,3,23
24639,797,2024-05-30,3,716.3100000000001,Credit Card,2024,5,30
80803,882,2024-03-24,1,293.0,Bank Transfer,2024,3,24
56431,600,2024-07-03,3,451.26,Cash on Delivery,2024,7,3
77076,973,2024-05-27,3,249.51,Bank Transfer,2024,5,27
32363,157,2024-04-19,1,60.16,Cash on Delivery,2024,4,19
84308,144,2024-06-26,5,1456.5,Credit Card,2024,6,26
20853,499,2024-07-10,3,682.17,Credit Card,2024,7,10
61650,804,2024-12-19,2,395.92,Credit Card,2024,12,19
51729,713,2025-01-24,3,955.3199999999999,Cash on Delivery,2025,1,24
53843,256,2024-11-12,5,2052.75,Cash on Delivery,2024,11,12
78972,112,2024-10-24,4,1152.88,Credit Card,2024,10,24
89875,759,2025-01-06,1,233.24,Cash on Delivery,2025,1,6
44902,801,2024-07-12,4,1897.0,Credit Card,2024,7,12
55905,550,2025-03-02,1,99.84,Cash on Delivery,2025,3,2
94304,701,2025-01-26,5,1244.4,Credit Card,2025,1,26
55131,866,2024-11-08,2,296.62,Bank Transfer,2024,11,8
63100,974,2024-12-18,5,2053.0,Credit Card,2024,12,18
27148,635,2025-01-07,1,235.88,Cash on Delivery,2025,1,7
55134,837,2024-12-04,4,1948.84,Bank Transfer,2024,12,4
88309,524,2024-06-11,1,394.31,Bank Transfer,2024,6,11
33859,712,2025-01-26,4,1338.72,Credit Card,2025,1,26
75395,175,2025-03-19,2,600.32,Bank Transfer,2025,3,19
98363,332,2025-01-30,2,321.88,Bank Transfer,2025,1,30
43591,302,2024-06-12,4,681.72,Cash on Delivery,2024,6,12
11479,331,2025-01-28,2,905.2,Cash on Delivery,2025,1,28
94141,701,2024-09-01,4,1081.28,Bank Transfer,2024,9,1
54371,325,2025-02-05,4,627.48,Cash on Delivery,2025,2,5
67967,965,2024-05-04,3,1485.72,Cash on Delivery,2024,5,4
99828,510,2024-09-12,5,2138.65,Credit Card,2024,9,12
92290,445,2024-11-06,5,1773.1999999999998,Bank Transfer,2024,11,6
61427,410,2024-09-17,4,886.16,Cash on Delivery,2024,9,17
20658,177,2024-11-06,3,590.91,Cash on Delivery,2024,11,6
